Configuration,Language,File Path,Successfully Extracted,Failure Reason
/language:actions,GitHub Actions,.github/workflows/deploy.yml,true,""
/language:actions,GitHub Actions,.github/workflows/helm-benchmark.yml,true,""
/language:actions,GitHub Actions,.github/workflows/pages.yml,true,""
/language:actions,GitHub Actions,.github/workflows/ci.yml,true,""
/language:actions,GitHub Actions,.github/workflows/codeql.yml,true,""
/language:python,GitHub Actions,.github/workflows/codeql.yml,true,""
/language:python,GitHub Actions,.github/workflows/deploy.yml,true,""
/language:python,GitHub Actions,.github/workflows/helm-benchmark.yml,true,""
/language:python,GitHub Actions,.github/workflows/ledger-sync.yml,true,""
/language:python,GitHub Actions,.github/workflows/pages.yml,true,""
/language:python,GitHub Actions,.github/workflows/chamber-console-ci.yml,true,""
/language:python,GitHub Actions,.github/workflows/ci.yml,true,""
/language:python,Python,zyrquen_artifacts/ZYRQUEN Ω∞ Sovereign Audit Trail API Service.py,true,""
/language:python,Python,zyrquen_artifacts/patch_chamber11.py,true,""
/language:python,Python,zyrquen_artifacts/patch_security_view.py,true,""
/language:python,Python,architecture_docs/test_zyrquen_api.py,true,""
/language:python,Python,zyrquen_artifacts/ZYRQUEN Ω∞ Audit Trail API Service.py,true,""
